mode,mixture,met_name,pathway,sig,empirical_compound,matched_form,query_mass,retention_time,name,matched_compound,mass_diff,estimate_beta_chs_mixture,estimate_beta_sol_mixture,sd_beta_chs_mixture,sd_beta_sol_mixture,lcl_beta_chs_mixture,lcl_beta_sol_mixture,ucl_beta_chs_mixture,ucl_beta_sol_mixture,p_value_chs_mixture,p_value_sol_mixture,wald_chs_mixture,wald_sol_mixture,neg_log_p_chs_mixture,neg_log_p_sol_mixture,q_value_chs_mixture,q_value_sol_mixture,beta_ci_chs_mixture,beta_ci_sol_mixture,estimate_beta_chs_pfda,estimate_beta_chs_pfhps,estimate_beta_chs_pfhxs,estimate_beta_chs_pfna,estimate_beta_chs_pfoa,estimate_beta_chs_pfos,estimate_beta_sol_pfda,estimate_beta_sol_pfhps,estimate_beta_sol_pfhxs,estimate_beta_sol_pfna,estimate_beta_sol_pfoa,estimate_beta_sol_pfos,sd_beta_chs_pfda,sd_beta_chs_pfhps,sd_beta_chs_pfhxs,sd_beta_chs_pfna,sd_beta_chs_pfoa,sd_beta_chs_pfos,sd_beta_sol_pfda,sd_beta_sol_pfhps,sd_beta_sol_pfhxs,sd_beta_sol_pfna,sd_beta_sol_pfoa,sd_beta_sol_pfos,lcl_beta_chs_pfda,lcl_beta_chs_pfhps,lcl_beta_chs_pfhxs,lcl_beta_chs_pfna,lcl_beta_chs_pfoa,lcl_beta_chs_pfos,lcl_beta_sol_pfda,lcl_beta_sol_pfhps,lcl_beta_sol_pfhxs,lcl_beta_sol_pfna,lcl_beta_sol_pfoa,lcl_beta_sol_pfos,ucl_beta_chs_pfda,ucl_beta_chs_pfhps,ucl_beta_chs_pfhxs,ucl_beta_chs_pfna,ucl_beta_chs_pfoa,ucl_beta_chs_pfos,ucl_beta_sol_pfda,ucl_beta_sol_pfhps,ucl_beta_sol_pfhxs,ucl_beta_sol_pfna,ucl_beta_sol_pfoa,ucl_beta_sol_pfos,p_value_chs_pfda,p_value_chs_pfhps,p_value_chs_pfhxs,p_value_chs_pfna,p_value_chs_pfoa,p_value_chs_pfos,p_value_sol_pfda,p_value_sol_pfhps,p_value_sol_pfhxs,p_value_sol_pfna,p_value_sol_pfoa,p_value_sol_pfos,estimate_pip_chs_pfda,estimate_pip_chs_pfhps,estimate_pip_chs_pfhxs,estimate_pip_chs_pfna,estimate_pip_chs_pfoa,estimate_pip_chs_pfos,estimate_pip_sol_pfda,estimate_pip_sol_pfhps,estimate_pip_sol_pfhxs,estimate_pip_sol_pfna,estimate_pip_sol_pfoa,estimate_pip_sol_pfos,sd_pip_chs_pfda,sd_pip_chs_pfhps,sd_pip_chs_pfhxs,sd_pip_chs_pfna,sd_pip_chs_pfoa,sd_pip_chs_pfos,sd_pip_sol_pfda,sd_pip_sol_pfhps,sd_pip_sol_pfhxs,sd_pip_sol_pfna,sd_pip_sol_pfoa,sd_pip_sol_pfos,lcl_pip_chs_pfda,lcl_pip_chs_pfhps,lcl_pip_chs_pfhxs,lcl_pip_chs_pfna,lcl_pip_chs_pfoa,lcl_pip_chs_pfos,lcl_pip_sol_pfda,lcl_pip_sol_pfhps,lcl_pip_sol_pfhxs,lcl_pip_sol_pfna,lcl_pip_sol_pfoa,lcl_pip_sol_pfos,ucl_pip_chs_pfda,ucl_pip_chs_pfhps,ucl_pip_chs_pfhxs,ucl_pip_chs_pfna,ucl_pip_chs_pfoa,ucl_pip_chs_pfos,ucl_pip_sol_pfda,ucl_pip_sol_pfhps,ucl_pip_sol_pfhxs,ucl_pip_sol_pfna,ucl_pip_sol_pfoa,ucl_pip_sol_pfos,wald_chs_pfda,wald_chs_pfhps,wald_chs_pfhxs,wald_chs_pfna,wald_chs_pfoa,wald_chs_pfos,wald_sol_pfda,wald_sol_pfhps,wald_sol_pfhxs,wald_sol_pfna,wald_sol_pfoa,wald_sol_pfos,neg_log_p_chs_pfda,neg_log_p_chs_pfhps,neg_log_p_chs_pfhxs,neg_log_p_chs_pfna,neg_log_p_chs_pfoa,neg_log_p_chs_pfos,neg_log_p_sol_pfda,neg_log_p_sol_pfhps,neg_log_p_sol_pfhxs,neg_log_p_sol_pfna,neg_log_p_sol_pfoa,neg_log_p_sol_pfos,q_value_chs_pfda,q_value_chs_pfhps,q_value_chs_pfhxs,q_value_chs_pfna,q_value_chs_pfoa,q_value_chs_pfos,q_value_sol_pfda,q_value_sol_pfhps,q_value_sol_pfhxs,q_value_sol_pfna,q_value_sol_pfoa,q_value_sol_pfos,beta_ci_chs_pfda,beta_ci_chs_pfhps,beta_ci_chs_pfhxs,beta_ci_chs_pfna,beta_ci_chs_pfoa,beta_ci_chs_pfos,beta_ci_sol_pfda,beta_ci_sol_pfhps,beta_ci_sol_pfhxs,beta_ci_sol_pfna,beta_ci_sol_pfoa,beta_ci_sol_pfos,casnum,HRE_standard
C18 Negative,all pfas,Docosahexaenoic acid,De novo fatty acid biosynthesis,Sig. CHS,EC0001339,M-H[-],327.2320732,329.6,327.2320732_329.572748,C06429,0.00085033323000516,1.37254176571744,0.0127129842662839,0.498128014108793,0.0735704232855129,0.346100297292181,-0.105956567843527,2.31575666466857,0.228285583632315,0.005862047995968471,0.8628084754670943,2.7553996700488157,0.17280020555199488,2.23195063006358,0.06408559742379039,0.8131748735006323,0.999993425233073,"1.40 (0.35, 2.30)","0.01 (-0.11, 0.23)",0.782725796157085,1.57107144166123,0.592308080687182,0.512728617738457,-0.0992789565719652,-1.94703887916334,-0.00674294377521583,0.0358469933396757,0.00587578986502626,-0.0310775233797649,0.0153789458242947,0.0231427740571887,0.617357954415569,1.57441596079429,0.624799437912948,0.603490467750279,0.31337000921971,1.85170246238938,0.0631958418573635,0.140460704070432,0.0681076092660458,0.102214712342029,0.0732104986813287,0.114186878891883,-0.0935087400098258,-0.133753884082712,-0.11598410873719,-0.136766544006677,-1.01057268933122,-5.57811960902557,-0.118018359229574,-0.0970099231484519,-0.110199807752008,-0.271225918005336,-0.103750349079042,-0.103937173467305,1.97489215749119,4.74850493187671,1.94327019255046,1.81351745858826,0.238982311857407,0.163633572696872,0.102276846074207,0.316957766627133,0.122117436697341,0.0885137787079854,0.138708743078136,0.183513564159446,0.20484659694543936,0.318339632701919,0.3431309097964622,0.39554464004103307,0.7513872820113154,0.29303551935671895,0.9150276423284367,0.7985608140973193,0.931250077201846,0.7610962079204834,0.8336171293647008,0.839389418113279,0.73,0.62,0.59,0.55,0.25,0.66,0.12,0.14,0.12,0.15,0.12,0.12,0.443275691492026,0.486022101860295,0.491991921895311,0.497482801539476,0.432593096751984,0.472386102384422,0.326392197169716,0.347229137047459,0.325927301282271,0.35533366348051,0.325461249621212,0.32615989338852,0,0,0,0,0,0,0,0,0,0,0,0,1,1,1,1,1,1,1,1,1,1,1,1,1.2678637904618302,0.9978757080616911,0.947997140755602,0.8496051638559123,-0.31681065083148635,-1.0514858184348583,-0.10669916844268054,0.25521012141374955,0.08627214973989054,-0.30404158724014074,0.2100647598541339,0.20267454791457487,0.6885712464537894,0.4971092891444565,0.46454015822072486,0.40280449616257524,0.1241361600831885,0.5330797348483205,0.038565786010737166,0.09769200473377171,0.03093367824007024,0.1185604418784882,0.07903336996569228,0.07603651008757235,0.9999684793835192,0.9999946861307213,0.9999972875613614,0.9999847948271933,0.9999976998550903,0.9999990327979795,0.9999995017235392,0.9999976583315053,0.9999782750748955,0.999981211572423,0.9999960712125364,0.9999643266764893,"0.78 (-0.09, 2.00)","1.60 (-0.13, 4.70)","0.59 (-0.12, 1.90)","0.51 (-0.14, 1.80)","-0.10 (-1.00, 0.24)","-1.90 (-5.60, 0.16)","-0.01 (-0.12, 0.10)","0.04 (-0.10, 0.32)","0.01 (-0.11, 0.12)","-0.03 (-0.27, 0.09)","0.01 (-0.10, 0.14)","0.02 (-0.10, 0.18)",NA,NA
C18 Negative,all pfas,Docosahexaenoic acid,De novo fatty acid biosynthesis,Sig. CHS,EC0001339,M+HCOO[-],373.2377359,329.4,373.2377359_329.3593114,C06429,0.0001091000000315,0.899817677847568,0.152582242541868,0.37384300668044,0.226500155580058,0.175531377829365,-0.110752331330217,1.6496058970397,0.670336614704497,0.016086813582670265,0.5005326982115171,2.4069399768569957,0.6736518222299268,1.7935299708486168,0.3005675461787123,0.9999972860014426,0.999993425233073,"0.90 (0.18, 1.60)","0.15 (-0.11, 0.67)",0.84684014862421,0.819149961132285,0.0510237509457666,0.0577637474882288,0.0731747548160912,-0.90828192785908,0.00816398872518435,0.105460258382244,0.00863901376714689,0.00384986203976209,-0.00217992660784435,0.0913009693280681,0.495224683498419,0.820562319691621,0.2302227080703,0.272219400803749,0.278141398525373,0.798291738238418,0.0915899754179356,0.238548767379208,0.0990772603186074,0.0792221338679167,0.136692592896051,0.197820732614467,-0.0314543406244553,-0.12564264350228,-0.321001203958955,-0.455357331900343,-0.391780155844417,-2.67056101777096,-0.142855401309399,-0.108518966346234,-0.147065251981108,-0.128454278636418,-0.354849850908699,-0.100620549841548,1.7577101245976,2.50700260539547,0.726803175598193,0.831463947334806,0.863933703732291,0.0962060597991647,0.178640685537822,0.809722739172205,0.178812503244534,0.145526443140887,0.187775731928116,0.671321704819387,0.0872636551174068,0.3181441886851456,0.8246036439368073,0.8319544725092062,0.7924852729614583,0.2552115452705853,0.9289736132731886,0.6584233711781525,0.9305167378452833,0.9612414265150921,0.9872761499112566,0.6444156233903574,0.87,0.61,0.22,0.26,0.25,0.69,0.15,0.25,0.15,0.14,0.15,0.24,0.339824743318132,0.487480838098794,0.415230686853297,0.440306454591335,0.434318876607172,0.461043980885189,0.359250570207535,0.433746685563645,0.352337605653543,0.351124846360303,0.358474184214358,0.424290990440421,0,0,0,0,0,0,0,0,0,0,0,0,1,1,1,1,1,1,1,1,1,1,1,1,1.7100119942363767,0.9982787918413476,0.221627794119189,0.21219555739846915,0.2630847302992041,-1.1377819465642676,0.08913626942174763,0.4420909801415975,0.08719471793392357,0.04859578821975159,-0.01594765716019516,0.4615338752485799,1.05916660014962,0.4973760053054063,0.08375475037609718,0.07990043918887091,0.10100879968560705,0.5930996828744931,0.03199662160657191,0.1814947619489381,0.031275810509068594,0.017167520723715173,0.00556135431285979,0.1908339389698127,0.9999684793835192,0.9999946861307213,0.9999972875613614,0.9999847948271933,0.9999976998550903,0.9999990327979795,0.9999995017235392,0.9999976583315053,0.9999782750748955,0.999981211572423,0.9999960712125364,0.9999643266764893,"0.85 (-0.03, 1.80)","0.82 (-0.13, 2.50)","0.05 (-0.32, 0.73)","0.06 (-0.46, 0.83)","0.07 (-0.39, 0.86)","-0.91 (-2.70, 0.10)","0.01 (-0.14, 0.18)","0.11 (-0.11, 0.81)","0.01 (-0.15, 0.18)","0.00 (-0.13, 0.15)","-0.00 (-0.35, 0.19)","0.09 (-0.10, 0.67)",NA,NA
HILIC Negative,all pfas,Behenic acid,De novo fatty acid biosynthesis,Sig. CHS,EC0001385,M-H[-],339.326645387733,55.5,339.326645387733_55.460716485676,C08281,0.00017814549698869,1.39704944117384,0.0630352531717662,0.367077647442448,0.153366809291225,0.609997518196527,-0.0997890676497813,2.0899778098871,0.53094391023871,1.4130716169118536e-4,0.6810653891065217,3.805869005937975,0.4110097449577234,3.849835826798686,0.16681118946042658,0.046105939545605636,0.999993425233073,"1.40 (0.61, 2.10)","0.06 (-0.10, 0.53)",1.34509038482377,0.0253251490816215,0.0549160540823435,0.00388458495359225,-0.0460697349561067,0.0465814612281231,0.00544091963179109,0.0498808010670813,0.0129323763246345,-1.22747324934421e-4,0.0140908155307021,0.0461150127615708,0.481224114920162,0.248573867545481,0.209889052884625,0.186222773846425,0.280853979990453,0.279444119973236,0.0677755662136288,0.152693137013331,0.079246461873812,0.0716158822306868,0.0999588480491441,0.135234324760002,0.138633246300745,-0.340896897481756,-0.1771409635371,-0.351723494863785,-0.872392899380409,-0.229403941377494,-0.120560128367508,-0.096655298018311,-0.116869656142124,-0.131056443001745,-0.136241516214145,-0.0975700679118391,2.24232269555997,0.607963063335287,0.664712257700674,0.371283822379071,0.290176614773723,0.780133807715378,0.131595115963164,0.464214281648954,0.155945720983949,0.124125832263677,0.168485691893636,0.427666762102232,0.00518767065025176,0.9188505089778294,0.79359649597517,0.9833574297571219,0.869704004826179,0.8676113812513232,0.9360157711482774,0.7439148475961115,0.8703673868663298,0.9986324521259458,0.8878966713011273,0.7331029804246705,0.97,0.13,0.13,0.11,0.14,0.13,0.13,0.17,0.14,0.13,0.15,0.17,0.166696123288767,0.335896420464786,0.331205041259748,0.310916023637816,0.347849910035898,0.335454715234701,0.336337069804839,0.380005106250107,0.341757749980793,0.337652723774553,0.357303082968255,0.373013173715826,0,0,0,0,0,0,0,0,0,0,0,0,1,1,1,1,1,1,1,1,1,1,1,1,2.795143350301405,0.10188178400123984,0.2616432506965029,0.020859881277441428,-0.1640344742761799,0.16669329536289576,0.08027848287746196,0.32667349720325944,0.16319184502176706,-0.0017139679231909933,0.14096616563422626,0.3410007987499499,2.2850276037750445,0.036755139764076204,0.10040025842193184,0.007288596556076181,0.06062853007492502,0.06167475958289395,0.02871683367111816,0.12847677323850462,0.060297390588620554,5.943249720545978e-4,0.05163757216599734,0.13483501486936464,0.9999684793835192,0.9999946861307213,0.9999972875613614,0.9999847948271933,0.9999976998550903,0.9999990327979795,0.9999995017235392,0.9999976583315053,0.9999782750748955,0.999981211572423,0.9999960712125364,0.9999643266764893,"1.30 (0.14, 2.20)","0.02 (-0.34, 0.61)","0.06 (-0.18, 0.66)","0.00 (-0.35, 0.37)","-0.05 (-0.87, 0.29)","0.05 (-0.23, 0.78)","0.01 (-0.12, 0.13)","0.05 (-0.10, 0.46)","0.01 (-0.12, 0.16)","-0.00 (-0.13, 0.12)","0.01 (-0.14, 0.17)","0.05 (-0.10, 0.43)",NA,NA
HILIC Positive,all pfas,Arachidonic acid,De novo fatty acid biosynthesis,Sig. CHS,EC000262,M+Na[1+],327.228651493668,69.0,327.228651493668_69.0015902394068,C00219,0.00082497310205553,0.674543130535443,0.00662424830712791,0.463809572930572,0.0631062799129416,0,-0.117534932449688,1.54184396566996,0.173399036431779,0.14584829209963449,0.9163998387243899,1.4543536181742758,0.10496971642547154,0.8360986521510744,0.03791499591336215,0.9999972860014426,0.999993425233073,"0.67 (0.00, 1.50)","0.01 (-0.12, 0.17)",0.198307882190999,-0.0699736222031732,0.304225857146312,0.116002082740889,-0.0308088461520272,0.258802833919686,0.00665720199851421,-0.00701167483632008,0.0116101447990334,0.00471494672542474,-4.8589804116945e-4,0.0153446988849568,0.332206662849113,0.417175851749461,0.423641273325348,0.259728740184347,0.26166737959688,0.575603486675647,0.0628578520484286,0.0786614960638575,0.0629606924240137,0.0584679372269873,0.0707792894456406,0.0747942981472213,-0.134808952569328,-1.39006118049885,-0.123340870671994,-0.168784027289918,-0.80620481609825,-0.19042836952102,-0.108554158514715,-0.154083721285726,-0.102437230952073,-0.106251170454975,-0.12865698055198,-0.103152443399507,1.10836055352092,0.406003042003873,1.33115099158213,0.880221855420946,0.354245980006897,2.01071807569085,0.121853330020072,0.120287444531016,0.130851460256369,0.121598628509253,0.121131784057252,0.154684598957117,0.5505465621151536,0.8667943425499879,0.47268244663808817,0.6551438006307087,0.9062732815107456,0.6529844717051042,0.9156546826971242,0.9289727794678415,0.8536972637662315,0.9357269993310908,0.994522585588818,0.8374481575310573,0.32,0.19,0.40,0.24,0.18,0.30,0.12,0.13,0.12,0.12,0.13,0.11,0.465511095588519,0.392655925378883,0.489865117728047,0.428216573577877,0.385056688983254,0.46028383878043,0.322166103430575,0.33874195078532,0.319536008381106,0.320496651496898,0.331882553331508,0.313419026699496,0,0,0,0,0,0,0,0,0,0,0,0,1,1,1,1,1,1,1,1,1,1,1,1,0.5969413150544476,-0.16773171771504297,0.7181213831181001,0.4466278266261735,-0.11774049252715697,0.4496199899941218,0.10590883686870486,-0.08913731860156834,0.1844030672477992,0.08064157808612481,-0.00686497483903997,0.20515867205215393,0.2592059449673691,0.062083931924600974,0.3254305251981734,0.1836633641822844,0.042740823563820515,0.1850971463405035,0.03826827925166891,0.03199701141013421,0.06869611055809867,0.028850839272428656,0.002385349608208707,0.0770420685837396,0.9999684793835192,0.9999946861307213,0.9999972875613614,0.9999847948271933,0.9999976998550903,0.9999990327979795,0.9999995017235392,0.9999976583315053,0.9999782750748955,0.999981211572423,0.9999960712125364,0.9999643266764893,"0.20 (-0.13, 1.10)","-0.07 (-1.40, 0.41)","0.30 (-0.12, 1.30)","0.12 (-0.17, 0.88)","-0.03 (-0.81, 0.35)","0.26 (-0.19, 2.00)","0.01 (-0.11, 0.12)","-0.01 (-0.15, 0.12)","0.01 (-0.10, 0.13)","0.00 (-0.11, 0.12)","-0.00 (-0.13, 0.12)","0.01 (-0.10, 0.15)",NA,NA
C18 Negative,all pfas,Arachidonic acid,De novo fatty acid biosynthesis,Sig. Solar,EC000263,M(C13)-H[-],304.2358547,338.2,304.2358547_338.2350026,C00219,0.00046883323000201,0.0248745252641065,0.812527159797081,0.116566733978825,0.247777865859702,-0.173085907148781,0.372894944140237,0.357582228204453,1.33422615246976,0.8310204386234279,0.0010408101361327458,0.21339300171715453,3.2792564298586466,0.08038829478121275,2.98262848696426,0.9999972860014426,0.08111449807567876,"0.02 (-0.17, 0.36)","0.81 (0.37, 1.30)",0.00910717720713834,0.0188986419782634,0.0550659992591217,0.0367432819868827,0.0158207189873519,-0.0231337987343878,-0.0884978596755034,0.488445853234507,-0.0758824912493156,-0.145937943958311,0.17450435487757,0.450679806778618,0.0951496777845554,0.151954149087565,0.153059820747949,0.115846672418423,0.113235250290307,0.198033177081832,0.228035590904791,0.590561123094413,0.196083803074839,0.235090370014778,0.352945999867061,0.52006396114145,-0.173876178139155,-0.178480158146012,-0.13456674580877,-0.138334564151657,-0.172561391939603,-0.36406087145083,-0.792633495494541,-0.0813068280137087,-0.693655235346704,-0.777348272392605,-0.100571953973763,-0.0729021452222079,0.176019065119398,0.217217784680777,0.389159571920147,0.238659885677032,0.209950514325603,0.174684185034607,0.114285812606811,1.73341657054633,0.106065850414771,0.0796362304342556,1.18603313672713,1.53972008993391,0.9237475467043539,0.9010217811755376,0.7190207639912467,0.7511133487734692,0.8888847836605608,0.9070044433277152,0.6979509662799409,0.4081873435435743,0.6987635345106519,0.5347484595392884,0.6210080045069448,0.3861692464902221,0.12,0.12,0.16,0.13,0.13,0.14,0.21,0.47,0.19,0.31,0.25,0.49,0.323585385177236,0.326392197169716,0.364777483573897,0.340256072449806,0.333453862319301,0.34451411871736,0.405196047324444,0.498972899856253,0.391547777330413,0.461211777018597,0.433516951674877,0.4998809620252,0,0,0,0,0,0,0,0,0,0,0,0,1,1,1,1,1,1,1,1,1,1,1,1,0.09571422015489588,0.12437068741948522,0.35976782796447637,0.31717166509686856,0.13971549448419562,-0.11681779323687953,-0.3880879266449809,0.8270877207005365,-0.38699010351382085,-0.6207738068945028,0.4944222485686139,0.8665853442131505,0.03444670199812072,0.045264710319484466,0.14325856781376217,0.12429451967717084,0.051154528189774014,0.0423905853677093,0.15617508715056594,0.3891404653583139,0.15566976707494398,0.27185045783553724,0.20690280193164468,0.4132223152573057,0.9999684793835192,0.9999946861307213,0.9999972875613614,0.9999847948271933,0.9999976998550903,0.9999990327979795,0.9999995017235392,0.9999976583315053,0.9999782750748955,0.999981211572423,0.9999960712125364,0.9999643266764893,"0.01 (-0.17, 0.18)","0.02 (-0.18, 0.22)","0.06 (-0.13, 0.39)","0.04 (-0.14, 0.24)","0.02 (-0.17, 0.21)","-0.02 (-0.36, 0.17)","-0.09 (-0.79, 0.11)","0.49 (-0.08, 1.70)","-0.08 (-0.69, 0.11)","-0.15 (-0.78, 0.08)","0.17 (-0.10, 1.20)","0.45 (-0.07, 1.50)",NA,NA
HILIC Negative,all pfas,Oleic acid; Elaidic acid,De novo fatty acid biosynthesis,Sig. Solar,EC000596,M+CH3COO[-],341.269477200882,58.1,341.269477200882_58.1125469420995,C00712; C01712,0.00028220088199759,-0.0664455613376555,0.456469515659874,0.203338356501517,0.350113171139364,-0.688453326138102,0,0.199612488202506,1.15843655637632,0.7438392973803174,0.19230961148112968,-0.3267733765575104,1.3037770449320638,0.12852088138898765,0.7159990095269706,0.9999972860014426,0.999993425233073,"-0.07 (-0.69, 0.20)","0.46 (0.00, 1.20)",-0.0962099616299646,-0.00818417900191558,0.0244308016701731,-0.0191215187843368,-0.00950925907451123,-0.0270470606992048,-0.0384036716555615,0.273620103190854,0.0320003797022306,0.0254465790084526,0.00316466247454703,0.239357376381716,0.227594544547192,0.164930543880968,0.156854937402687,0.117909156054403,0.115252724523865,0.195472537133524,0.167428820097103,0.418722674462547,0.136139117314811,0.112278298745337,0.14697345863211,0.361936363791468,-0.807562525490062,-0.246879602778365,-0.16869773165189,-0.227120684161376,-0.207021573006165,-0.344593767181841,-0.573556758179994,-0.0869376356267347,-0.202572866997319,-0.132338680004585,-0.369821287608873,-0.0948882360130047,0.118808917074487,0.221311676676429,0.309185740308595,0.174308834728509,0.182444457676017,0.202327831137599,0.130960600102728,1.32028646965557,0.374339515011057,0.291234316882943,0.216800685596806,1.14107689837713,0.6724957280578053,0.9604236362463072,0.8762268414823287,0.8711707083370507,0.9342428447107396,0.8899499228685845,0.8185789226330804,0.5134573300971002,0.8141649077386268,0.8207048954446834,0.9828211144411364,0.5084042477165789,0.19,0.14,0.13,0.13,0.12,0.14,0.17,0.37,0.18,0.15,0.13,0.39,0.394536806721973,0.341757749980793,0.33390037120611,0.335011949938088,0.328699511216148,0.350311723555938,0.37531854843927,0.482527850621418,0.381706877103368,0.354539672922418,0.336337069804839,0.48842181684916,0,0,0,0,0,0,0,0,0,0,0,0,1,1,1,1,1,1,1,1,1,1,1,1,-0.42272525389999127,-0.04962197303988874,0.15575411316159557,-0.16217161944161637,-0.08250788962947404,-0.13836757375656003,-0.22937312484964467,0.6534637837371956,0.23505646527905896,0.22663844476454909,0.021532203868648913,0.6613244766961944,0.17231047011635717,0.017537160396528438,0.05738344719857229,0.05989673543484225,0.029540219691375116,0.050634430246900404,0.08693944207774458,0.28949564179086257,0.08928762058092987,0.08581297603420276,0.007525521924585237,0.2937908295732529,0.9999684793835192,0.9999946861307213,0.9999972875613614,0.9999847948271933,0.9999976998550903,0.9999990327979795,0.9999995017235392,0.9999976583315053,0.9999782750748955,0.999981211572423,0.9999960712125364,0.9999643266764893,"-0.10 (-0.81, 0.12)","-0.01 (-0.25, 0.22)","0.02 (-0.17, 0.31)","-0.02 (-0.23, 0.17)","-0.01 (-0.21, 0.18)","-0.03 (-0.34, 0.20)","-0.04 (-0.57, 0.13)","0.27 (-0.09, 1.30)","0.03 (-0.20, 0.37)","0.02 (-0.13, 0.29)","0.00 (-0.37, 0.22)","0.24 (-0.10, 1.10)",NA,NA
HILIC Negative,all pfas,Oleic acid; Elaidic acid,De novo fatty acid biosynthesis,Sig. Solar,EC000596,M+HCOO[-],327.254049320407,58.0,327.254049320407_58.0071885428551,C00712; C01712,0.00050432040694659,-0.0321203269815717,0.640338968224932,0.112585005940039,0.301817991264887,-0.339791496738903,0,0.127424463989545,1.13866384802126,0.7754155050612976,0.03387080831037394,-0.28529844372596536,2.1216063546819712,0.11046551917193599,1.470174439005022,0.9999972860014426,0.999993425233073,"-0.03 (-0.34, 0.13)","0.64 (0.00, 1.10)",-0.0419155060788332,-0.020697144452412,0.00355032085221024,-0.010514974443466,-0.0156713560910771,-0.069326731702687,-0.00999848566992625,0.420412943161251,0.0419367751800097,0.0244604219240853,0.15956746770995,0.0620919391185268,0.104019314955891,0.168693793071624,0.13768982687834,0.102577087729371,0.104146523215719,0.251116454960305,0.11665422533185,0.449563271848487,0.150995082807747,0.1082420595303,0.301776832893249,0.210981273331039,-0.224424909784628,-0.224337880441853,-0.176652880490666,-0.187593772372959,-0.195694765570541,-0.455001736287272,-0.296644185774644,-0.0680599000710719,-0.131993735455962,-0.124565849312375,-0.113070692228979,-0.142169072427031,0.128508075974054,0.171523845679128,0.21375005829333,0.170650818840239,0.169710985012249,0.136252731309578,0.174380662445793,1.3262128156687,0.553495449236145,0.310649930384436,0.965645524761328,0.7057639069127,0.6869784788808208,0.9023520994580639,0.9794288917935859,0.9183534451560711,0.8803905700757602,0.7824912069269255,0.9316965980577558,0.34970658975690155,0.7812149986446848,0.8212178285193756,0.5969720650764615,0.7685281280606677,0.12,0.12,0.11,0.12,0.12,0.13,0.12,0.53,0.16,0.14,0.29,0.17,0.319053849799394,0.322166103430575,0.318570459125584,0.327087384702385,0.322640387062551,0.338089190688156,0.32801030189863,0.498878879115167,0.362131451047223,0.345144295790881,0.451934562707693,0.374789398754399,0,0,0,0,0,0,0,0,0,0,0,0,1,1,1,1,1,1,1,1,1,1,1,1,-0.40295887448025697,-0.12269061045787505,0.02578491768565613,-0.1025080227585291,-0.15047411672703634,-0.27607402993023994,-0.08571044590526608,0.9351585627371706,0.27773603219520254,0.22597890348934224,0.5287598328212147,0.29430071275141934,0.16305686796185034,0.04462396687711796,0.009027089044105352,0.036990140434224876,0.05532461785198691,0.10652053404294713,0.030725490265540212,0.4562961839101005,0.10722942722994318,0.0855416307291894,0.22404599092589875,0.11434023273420069,0.9999684793835192,0.9999946861307213,0.9999972875613614,0.9999847948271933,0.9999976998550903,0.9999990327979795,0.9999995017235392,0.9999976583315053,0.9999782750748955,0.999981211572423,0.9999960712125364,0.9999643266764893,"-0.04 (-0.22, 0.13)","-0.02 (-0.22, 0.17)","0.00 (-0.18, 0.21)","-0.01 (-0.19, 0.17)","-0.02 (-0.20, 0.17)","-0.07 (-0.46, 0.14)","-0.01 (-0.30, 0.17)","0.42 (-0.07, 1.30)","0.04 (-0.13, 0.55)","0.02 (-0.12, 0.31)","0.16 (-0.11, 0.97)","0.06 (-0.14, 0.71)",NA,NA
C18 Positive,all pfas,Linoleic acid,De novo fatty acid biosynthesis,Sig. Solar,EC000824,M-H2O+H[1+],263.23693,444.5,263.23693_444.5321415,C01595,5.35332299591573e-05,0.00655484624926532,0.780908879855783,0.0796092513298489,0.255074861274062,-0.16072638627828,0.19424924881694,0.212395744740274,1.23111408408921,0.9343781399998738,0.0022023909027141506,0.08233774517117746,3.061488991722886,0.029477330536129664,2.657105595525553,0.9999972860014426,0.1527499540973362,"0.01 (-0.16, 0.21)","0.78 (0.19, 1.20)",0.0044027531712188,0.00839089017458721,0.00413743133820355,0.0151455578359901,-0.00339099667212588,0.00651661713217883,0.0366592589911749,-0.0174193398462765,0.0252294663314032,0.0220989503463121,0.0303826337352546,0.720735874858669,0.0841736189073607,0.10064337088202,0.0910852581560769,0.09491471763192,0.10054646442045,0.0982891330191757,0.129793144533828,0.377934959067682,0.131433864345393,0.123948717195479,0.191334072370193,0.400346569095501,-0.152791190102904,-0.168936280888314,-0.166548122945645,-0.155497838156258,-0.186508217518073,-0.178172501995404,-0.12320376641571,-1.05598414509094,-0.134963654394041,-0.140310101908236,-0.263285291327133,-0.0291693739230882,0.164418844133408,0.192291501959823,0.174086686029749,0.191934048125796,0.174611328576622,0.18637614004692,0.440720293615598,1.07074393186245,0.365296107271374,0.34730208308053,0.568967653050009,1.5052933705826,0.9582851767883706,0.9335553483749136,0.9637695740104961,0.8732196769995838,0.9730959105515531,0.9471385975655515,0.7776032928244767,0.9632378466242264,0.8477769844129939,0.8584943856594105,0.8738314600758361,0.07181645562886456,0.12,0.12,0.11,0.13,0.12,0.11,0.15,0.21,0.13,0.14,0.14,0.85,0.321928513172597,0.327549412644176,0.316624462431509,0.333006274168712,0.326392197169716,0.311167808555153,0.354937115657428,0.408765724937374,0.336776667399541,0.342822848569199,0.346606213408581,0.358084689604269,0,0,0,0,0,0,0,0,0,0,0,0,1,1,1,1,1,1,1,1,1,1,1,1,0.052305618177880125,0.0833725073102281,0.04542372082992789,0.15957017219104722,-0.0337256679453782,0.06630048441781933,0.2824437232246915,-0.046090840310850895,0.1919556003093927,0.1782910775224881,0.15879363962143817,1.8002798837192995,0.018505229673734528,0.02985992861878182,0.016026788397878158,0.05887648652673698,0.011844352567721905,0.023586464762658983,0.10924190902253253,0.016266461865786862,0.07171837790475648,0.06626254067209253,0.058572323678426415,1.1437760324988626,0.9999684793835192,0.9999946861307213,0.9999972875613614,0.9999847948271933,0.9999976998550903,0.9999990327979795,0.9999995017235392,0.9999976583315053,0.9999782750748955,0.999981211572423,0.9999960712125364,0.9999643266764893,"0.00 (-0.15, 0.16)","0.01 (-0.17, 0.19)","0.00 (-0.17, 0.17)","0.01 (-0.16, 0.19)","-0.00 (-0.19, 0.17)","0.01 (-0.18, 0.19)","0.04 (-0.12, 0.44)","-0.02 (-1.10, 1.10)","0.02 (-0.13, 0.37)","0.02 (-0.14, 0.35)","0.03 (-0.26, 0.57)","0.72 (-0.03, 1.50)",NA,NA
C18 Negative,all pfas,Dodecanoic acid,De novo fatty acid biosynthesis,Sig. Solar,EC000942,M-H[-],199.1702433,285.6,199.1702433_285.6441006,C02679,8.02332299940645e-05,0.0169126950835579,0.629374326616887,0.0971127444957961,0.24034536243263,-0.164675907781248,0.0206744118721835,0.295588949621407,1.05038798388487,0.8617434469726688,0.008828499145918657,0.17415525811125676,2.6186247999409753,0.06462201044908991,2.0541131206633088,0.9999972860014426,0.507496305742808,"0.02 (-0.16, 0.30)","0.63 (0.02, 1.10)",0.0125886224552438,-0.00547374796754448,0.0376029345928012,0.0221486210478134,0.0374490500668817,-0.0232741484645217,-0.182719175225605,0.03117529173925,-0.0605588209138797,-0.111385707681639,0.0353152658047469,0.905230544653611,0.0928256055972496,0.132167043331306,0.123903021781225,0.10022965908254,0.160451703836021,0.187222089847916,0.29877153866838,0.348303492915914,0.177128881735063,0.232498553121996,0.202489737950792,0.509617580789799,-0.151770354812499,-0.212200138436259,-0.145588262819519,-0.15406683900355,-0.156263135350668,-0.27486339706943,-0.953439744395861,-0.778889316769513,-0.632856346758151,-0.798872373531746,-0.249054713936274,-0.020253240615961,0.187930972992387,0.170833677094617,0.263027751874623,0.209973188561615,0.287104944234491,0.175986038564607,0.0897467813975498,0.918510388012921,0.114012543675637,0.106519433777961,0.6854614888423,1.84436900189776,0.8921249828186243,0.9669647539941716,0.7615188870382701,0.8251090079983072,0.8154526404672545,0.9010674173789545,0.5408234760886824,0.9286796957412622,0.7324327087486997,0.6318807967364295,0.8615470180083287,0.07568450604528375,0.12,0.12,0.13,0.13,0.15,0.14,0.34,0.18,0.17,0.25,0.14,0.87,0.319053849799394,0.328470057258958,0.336776667399541,0.331431153215663,0.356517967306281,0.34451411871736,0.473553049296591,0.385718181711908,0.373369951956776,0.432477059832607,0.341757749980793,0.34090116268582,0,0,0,0,0,0,0,0,0,0,0,0,1,1,1,1,1,1,1,1,1,1,1,1,0.13561583977015063,-0.04141537731023699,0.30348682422932777,0.22097871279372322,0.23339764659123852,-0.12431304705244839,-0.6115682104124825,0.08950611283928815,-0.3418912845871141,-0.479081293994948,0.17440521264010442,1.7762937912202634,0.04957429859906337,0.014589355725489396,0.11831932090997338,0.0834886715170068,0.08860125667274879,0.04524271412602288,0.2669444647837206,0.032134049578407126,0.13523226935139085,0.19936484292391973,0.06472101641169678,1.1209930191492727,0.9999684793835192,0.9999946861307213,0.9999972875613614,0.9999847948271933,0.9999976998550903,0.9999990327979795,0.9999995017235392,0.9999976583315053,0.9999782750748955,0.999981211572423,0.9999960712125364,0.9999643266764893,"0.01 (-0.15, 0.19)","-0.01 (-0.21, 0.17)","0.04 (-0.15, 0.26)","0.02 (-0.15, 0.21)","0.04 (-0.16, 0.29)","-0.02 (-0.27, 0.18)","-0.18 (-0.95, 0.09)","0.03 (-0.78, 0.92)","-0.06 (-0.63, 0.11)","-0.11 (-0.80, 0.11)","0.04 (-0.25, 0.69)","0.91 (-0.02, 1.80)",NA,NA
HILIC Negative,all pfas,Dodecanoic acid,De novo fatty acid biosynthesis,Sig. Solar,EC000943,M-H[-],199.170435259477,63.1,199.170435259477_63.0826095800176,C02679,0.00011172624698474,0.0248343924952658,1.13346605464313,0.117306610954021,0.392029106134847,-0.176340073283221,0.401143179588709,0.359003334435179,1.75566737018734,0.8323372108706529,0.003836756780347145,0.21170496950934659,2.8912803587936904,0.0797006891534904,2.41603573072117,0.9999972860014426,0.24689529881533878,"0.02 (-0.18, 0.36)","1.10 (0.40, 1.80)",0.0228918219470428,-0.00193603748250251,0.0321556978406945,0.0217929257342499,0.0496592903778415,-0.0230535519960508,-0.0446539322308926,0.00909474175703526,-0.0113423000026697,-0.0443126330449891,0.0303520245260376,1.1942432918723,0.0952403966852728,0.11969494746269,0.118542018063783,0.0944498391432763,0.201090467022806,0.18978018072809,0.150785926263365,0.226022707073038,0.102643813115932,0.147677224310411,0.140572239813763,0.401772508667314,-0.154453206715419,-0.209093261003312,-0.153560233138933,-0.152996687813868,-0.141149540732394,-0.308991590025486,-0.542530561672734,-0.459095017901707,-0.301067502622584,-0.522717811621378,-0.105894222101851,0.0605462884360491,0.199804290910507,0.181815348371534,0.27451941876106,0.20164410524457901,0.34027966602478,0.171652049073746,0.103189597404336,0.648879967720792,0.133160004638274,0.112571632683477,0.441134374693015,1.81793639251291,0.8100524853256971,0.98709496853898,0.7861911335640481,0.817520334717309,0.8049469217063979,0.9033147962024011,0.7671222153936766,0.9679032411939479,0.9120116241113637,0.7641282640244853,0.8290519563509215,0.002954462640176304,0.12,0.12,0.14,0.12,0.14,0.13,0.12,0.09,0.09,0.14,0.07,0.96,0.320256948250277,0.32801030189863,0.347849910035898,0.327549412644176,0.344303570980317,0.334123222278149,0.320016940439774,0.289900066246426,0.285923609487031,0.349290081038873,0.250393089640805,0.183798140227996,0,0,0,0,0,0,0,0,0,0,0,0,1,1,1,1,1,1,1,1,1,1,1,1,0.2403583221381375,-0.016174763626559847,0.27125991581645525,0.23073544573422702,0.24694999774509233,-0.12147502393351113,-0.2961412469814945,0.0402381772823221,-0.11050154566899258,-0.30006409757435515,0.21591762759311123,2.972436555785324,0.09148684118447095,0.005641061790029522,0.10447185833572253,0.0875014360429856,0.09423275611662396,0.04416087601087752,0.11513544016733117,0.01416805582784661,0.03999962630398459,0.11683373608055996,0.0814182515372527,2.529521497397925,0.9999684793835192,0.9999946861307213,0.9999972875613614,0.9999847948271933,0.9999976998550903,0.9999990327979795,0.9999995017235392,0.9999976583315053,0.9999782750748955,0.999981211572423,0.9999960712125364,0.9999643266764893,"0.02 (-0.15, 0.20)","-0.00 (-0.21, 0.18)","0.03 (-0.15, 0.27)","0.02 (-0.15, 0.20)","0.05 (-0.14, 0.34)","-0.02 (-0.31, 0.17)","-0.04 (-0.54, 0.10)","0.01 (-0.46, 0.65)","-0.01 (-0.30, 0.13)","-0.04 (-0.52, 0.11)","0.03 (-0.11, 0.44)","1.20 (0.06, 1.80)",NA,NA
HILIC Negative,all pfas,Dodecanoic acid,De novo fatty acid biosynthesis,Sig. Solar,EC000943,M(C13)-H[-],200.17373459439,62.7,200.17373459439_62.6555071313233,C02679,1.10611599950516e-05,0.0335936882939985,0.728932250328332,0.11655280613333,0.204599907832706,-0.123677495947825,0.330083933352213,0.383909588105108,1.12997239307669,0.7731728336433306,3.6703163832112667e-4,0.28822719425192705,3.5627203259756777,0.11172341383394563,3.43529649772052,0.9999972860014426,0.032828783526437144,"0.03 (-0.12, 0.38)","0.73 (0.33, 1.10)",0.0450200234759757,0.00147191385865629,0.0200066839063413,0.0309610515417905,0.0443787532655267,-0.00185317593349052,-0.100501149639141,0.0471420188782438,-0.0307653073692042,-0.0746398232174484,-7.46390664176807e-5,0.856640875372556,0.111643547574429,0.114545179116901,0.0965267564540222,0.0923757684132763,0.131241413262171,0.11965691919218,0.208941148835209,0.33377648025622,0.116946403468007,0.167763997544414,0.149461229436461,0.413716801306614,-0.12591281139248,-0.198047110772405,-0.156763601621097,-0.141097141616168,-0.135260941387988,-0.191213640204617,-0.721245967730128,-0.68825815805335,-0.390708190348139,-0.563795805591821,-0.334770065156927,-0.00963311160402562,0.269114069470675,0.189102892222343,0.209645021439864,0.210954547473771,0.269898807556474,0.17806883734522,0.100480579486892,0.969911854999785,0.114700426286686,0.103755116737519,0.214719548347245,1.63125504293642,0.6867658824033115,0.9897474076893608,0.8358023747970411,0.7375012176305188,0.7352531995881488,0.9876433275434765,0.6305149440472659,0.8876816992294022,0.7924951960633027,0.656385040890257,0.9996015464580571,0.03839644840540956,0.14,0.14,0.13,0.13,0.13,0.11,0.24,0.19,0.11,0.21,0.10,0.90,0.341757749980793,0.341971269070625,0.332557602396611,0.333230203423541,0.340471355841912,0.317356555055362,0.429535679752027,0.389306912312631,0.31881230882394,0.405340622444927,0.3002965127988,0.303466074432821,0,0,0,0,0,0,0,0,0,0,0,0,1,1,1,1,1,1,1,1,1,1,1,1,0.4032478764253023,0.012850072521638852,0.2072656809500371,0.3351642110653421,0.33814595684728443,-0.015487411392517548,-0.48100218745521417,0.14123828869564364,-0.2630718556267586,-0.44490966065402787,-4.993874779372886e-4,2.0705972604136083,0.16319128813549186,0.004475627062679058,0.07789639921322877,0.1322372583195909,0.13356307690528077,0.005399865985655391,0.2003046156089772,0.051742733601301126,0.10100336170266828,0.1828413251400366,1.7308065915183675e-4,1.41570894514462,0.9999684793835192,0.9999946861307213,0.9999972875613614,0.9999847948271933,0.9999976998550903,0.9999990327979795,0.9999995017235392,0.9999976583315053,0.9999782750748955,0.999981211572423,0.9999960712125364,0.9999643266764893,"0.04 (-0.13, 0.27)","0.00 (-0.20, 0.19)","0.02 (-0.16, 0.21)","0.03 (-0.14, 0.21)","0.04 (-0.14, 0.27)","-0.00 (-0.19, 0.18)","-0.10 (-0.72, 0.10)","0.05 (-0.69, 0.97)","-0.03 (-0.39, 0.11)","-0.07 (-0.56, 0.10)","-0.00 (-0.33, 0.21)","0.86 (-0.01, 1.60)",NA,NA
HILIC Negative,all pfas,Dodecanoic acid,De novo fatty acid biosynthesis,Sig. Solar,EC000943,M+HCOO[-],245.175749950729,62.4,245.175749950729_62.4238628251256,C02679,0.00050495072898115,0.0292603379103267,1.18658049437812,0.193027563903199,0.261584270909656,-0.322671133494203,0.676826389071172,0.612005474681949,1.68707899413076,0.8795132244240597,5.729562618971883e-6,0.15158631916942394,4.536130900576709,0.05575762607438014,5.241878529763336,0.9999972860014426,0.0010369613096179893,"0.03 (-0.32, 0.61)","1.20 (0.68, 1.70)",0.00181210203858854,-0.0308737052574293,0.127889005959988,0.0128116696641259,0.00794349761182031,-0.124480235238757,-0.152313986734045,0.083938714512896,-0.0225346243067422,-0.0253493825704601,0.0487601628980541,1.23995174663521,0.121653001784083,0.202103437475053,0.382199385807854,0.134012526552566,0.150351952591804,0.386977334520425,0.293803964174299,0.360784234700803,0.11063301483809,0.107743241952507,0.205330529606506,0.428964649574868,-0.195158467609103,-0.383169663712735,-0.16154510073732,-0.186751427241493,-0.19668776636826,-1.50660924634862,-1.01890397427552,-0.127229316998112,-0.369596007013073,-0.337847314438468,-0.102332867730693,0.00592093069701713,0.211718782863764,0.188616386301763,1.46158339429158,0.27315293273008,0.261802366723594,0.156285762682041,0.0902602904978163,1.48285215641823,0.109913887772393,0.113994848192034,0.663663657101654,1.97183994976988,0.9881154204819009,0.8785860438132929,0.7379167945650602,0.923837837737016,0.957865217609139,0.7477002873658546,0.6041649414789304,0.8160283284633011,0.8385972723293618,0.8139946398657452,0.8122909735870468,0.0038454559319225996,0.13,0.14,0.24,0.14,0.14,0.20,0.24,0.10,0.07,0.08,0.08,0.94,0.337652723774553,0.344303570980317,0.424166174262727,0.344934480675957,0.350718748754819,0.39685495936394,0.429773872072539,0.306326177701856,0.262122302790747,0.275000663768316,0.264062086936295,0.231865806772948,0,0,0,0,0,0,0,0,0,0,0,0,1,1,1,1,1,1,1,1,1,1,1,1,0.014895662351223908,-0.15276190075312426,0.33461332149885403,0.09560053820118496,0.0528326867386046,-0.32167319409810763,-0.5184204616234682,0.2326562705338443,-0.20368806128732309,-0.23527584757134054,0.23747156836101158,2.8905686001494133,0.0051923230736373675,0.0562156997083205,0.13199260524804274,0.03440425427406755,0.018695596732205957,0.12627245243961052,0.21884447959897677,0.08829476443027834,0.0764465545418391,0.08937845491963614,0.09028837274511818,2.415052161199531,0.9999684793835192,0.9999946861307213,0.9999972875613614,0.9999847948271933,0.9999976998550903,0.9999990327979795,0.9999995017235392,0.9999976583315053,0.9999782750748955,0.999981211572423,0.9999960712125364,0.9999643266764893,"0.00 (-0.20, 0.21)","-0.03 (-0.38, 0.19)","0.13 (-0.16, 1.50)","0.01 (-0.19, 0.27)","0.01 (-0.20, 0.26)","-0.12 (-1.50, 0.16)","-0.15 (-1.00, 0.09)","0.08 (-0.13, 1.50)","-0.02 (-0.37, 0.11)","-0.02 (-0.34, 0.11)","0.05 (-0.10, 0.66)","1.20 (0.01, 2.00)",NA,NA
